05:17:55, Database connection established 
05:18:30, Database connection established 
05:18:50, Database connection established 
05:19:09, Database connection established 
05:19:27, Database connection established 
05:20:15, Database connection established 
05:21:03, Database connection established 
05:21:31, Database connection established 
05:21:56, Database connection established 
05:22:21, Database connection established 
05:22:43, Database connection established 
05:27:12, Database connection established 
05:27:32, Database connection established 
