05:17:55, Server started 
05:17:55, Module initialized 
05:17:55, 123 
05:18:30, Server started 
05:18:30, Module initialized 
05:18:30, 123 
05:18:50, Server started 
05:18:50, Module initialized 
05:18:50, 123 
05:19:09, Server started 
05:19:09, Module initialized 
05:19:09, 123 
05:19:27, Server started 
05:19:27, Module initialized 
05:19:27, 123 
05:20:15, Server started 
05:20:15, Module initialized 
05:20:15, 123 
05:21:03, Server started 
05:21:03, Module initialized 
05:21:03, 123 
05:21:30, Server started 
05:21:30, Module initialized 
05:21:31, 123 
05:21:56, Server started 
05:21:56, Module initialized 
05:21:56, 123 
05:22:21, Server started 
05:22:21, Module initialized 
05:22:21, 123 
05:22:43, Server started 
05:22:43, 123 
05:22:43, Module initialized 
05:27:12, Server started 
05:27:12, Module initialized 
05:27:12, 123 
05:27:32, Server started 
05:27:32, Module initialized 
05:27:32, 123 
